-- phpMyAdmin SQL Dump
-- version 5.0.1
-- https://www.phpmyadmin.net/
--
-- Host: 127.0.0.1
-- Generation Time: Feb 23, 2021 at 08:18 AM
-- Server version: 10.4.11-MariaDB
-- PHP Version: 7.4.2

SET SQL_MODE = "NO_AUTO_VALUE_ON_ZERO";
SET AUTOCOMMIT = 0;
START TRANSACTION;
SET time_zone = "+00:00";


/*!40101 SET @OLD_CHARACTER_SET_CLIENT=@@CHARACTER_SET_CLIENT */;
/*!40101 SET @OLD_CHARACTER_SET_RESULTS=@@CHARACTER_SET_RESULTS */;
/*!40101 SET @OLD_COLLATION_CONNECTION=@@COLLATION_CONNECTION */;
/*!40101 SET NAMES utf8mb4 */;

--
-- Database: `nj_system`
--

-- --------------------------------------------------------

--
-- Table structure for table `borrow`
--

CREATE TABLE `borrow` (
  `borrow_id` int(11) NOT NULL,
  `land_id` int(11) NOT NULL,
  `count` int(11) NOT NULL,
  `member_id` int(11) NOT NULL
) ENGINE=InnoDB DEFAULT CHARSET=utf8mb4 COLLATE=utf8mb4_unicode_ci;

-- --------------------------------------------------------

--
-- Table structure for table `history`
--

CREATE TABLE `history` (
  `order_id` int(11) NOT NULL,
  `lands_id` int(11) NOT NULL,
  `quantity` int(11) NOT NULL
) ENGINE=InnoDB DEFAULT CHARSET=utf8mb4 COLLATE=utf8mb4_unicode_ci;

--
-- Dumping data for table `history`
--

INSERT INTO `history` (`order_id`, `lands_id`, `quantity`) VALUES
(6, 63, 6),
(6, 61, 6),
(5, 594, 5),
(2, 201, 2),
(5, 594, 5),
(6, 62, 6),
(83, 8, 8),
(84, 8, 8),
(85, 8, 8),
(85, 8, 8),
(86, 61, 1),
(86, 62, 1),
(86, 63, 1),
(87, 64, 1),
(87, 65, 1),
(87, 66, 1),
(88, 61, 1),
(88, 62, 1),
(88, 63, 1),
(89, 61, 1),
(90, 62, 1),
(90, 63, 1),
(91, 61, 1),
(91, 62, 1),
(91, 63, 1),
(92, 61, 1),
(92, 62, 1),
(91, 64, 1),
(92, 63, 1),
(93, 61, 1),
(93, 62, 1),
(94, 61, 1),
(94, 62, 1),
(93, 63, 1),
(95, 61, 1),
(95, 62, 1),
(96, 61, 1),
(96, 62, 1),
(95, 63, 1),
(97, 61, 1),
(95, 64, 1),
(98, 65, 1),
(97, 62, 1),
(97, 63, 1),
(113, 1, 2),
(113, 2, 1),
(117, 1, 1),
(117, 2, 1),
(118, 3, 1),
(119, 1, 1),
(119, 2, 1),
(119, 3, 1),
(121, 4, 1),
(121, 5, 1),
(121, 6, 1),
(121, 7, 1),
(122, 1, 1),
(122, 2, 1),
(122, 3, 1),
(123, 7, 1),
(123, 8, 1);

-- --------------------------------------------------------

--
-- Table structure for table `land`
--

CREATE TABLE `land` (
  `id` int(11) NOT NULL,
  `file_id` varchar(30) COLLATE utf8mb4_unicode_ci NOT NULL,
  `land_id` varchar(30) COLLATE utf8mb4_unicode_ci NOT NULL,
  `no` varchar(11) COLLATE utf8mb4_unicode_ci NOT NULL,
  `box_id` varchar(30) COLLATE utf8mb4_unicode_ci NOT NULL
) ENGINE=InnoDB DEFAULT CHARSET=utf8mb4 COLLATE=utf8mb4_unicode_ci;

--
-- Dumping data for table `land`
--

INSERT INTO `land` (`id`, `file_id`, `land_id`, `no`, `box_id`) VALUES
(1, '5136I5136I9636-14', '577', '-', '817-01'),
(2, '5136I5136I9636-14', '168', '-', '817-01'),
(3, '5136I5136I9636-14', '241', '-', '817-01'),
(4, '5136I5136I9636-14', '168', '-', '817-01'),
(5, '5136I5136I9636-14', '182', '-', '817-01'),
(6, '5136I5136I9636-14', '174', '-', '817-01'),
(7, '5136I5136I9636-14', '579', '-', '817-01'),
(8, '5136I5136I9636-14', '587', '-', '817-01'),
(9, '5136I5136I9636-14', '14', '-', '817-01'),
(10, '5136I5136I9636-14', '577', '-', '817-01'),
(11, '5136I5136I9636-14', '165', '-', '817-01'),
(12, '5136I5136I9636-14', '164', '-', '817-01'),
(13, '5136I5136I9636-14', '592', '-', '817-01'),
(14, '5136I5136I9636-14', '591', '-', '817-01'),
(15, '5136I5136I9636-14', '230', '-', '817-01'),
(16, '5136I5136I9636-14', '561', '-', '817-01'),
(17, '5136I5136I9636-14', '175', '-', '817-01'),
(18, '5136I5136I9636-14', '562', '-', '817-01'),
(19, '5136I5136I9636-14', '693', '-', '817-01'),
(20, '5136I5136I9636-14', '176', '-', '817-01'),
(21, '5136I5136I9636-14', '626', '-', '817-01'),
(22, '5136I5136I9636-14', '171', '-', '817-01'),
(23, '5136I5136I9636-14', '173', '-', '817-01'),
(24, '5136I5136I9636-14', '35', '-', '817-01'),
(25, '5136I5136I9636-14', '692', '-', '817-01'),
(26, '5136I5136I9636-14', '691', '-', '817-01'),
(27, '5136I5136I9636-14', '695', '-', '817-01'),
(28, '5136I5136I9636-14', '693', '-', '817-01'),
(29, '5136I5136I9636-14', '679', '-', '817-01'),
(30, '5136I5136I9636-14', '177', '-', '817-01'),
(31, '5136I5136I9636-14', '605', '-', '817-01'),
(32, '5136I5136I9636-14', '177', '-', '817-01'),
(33, '5136I0028-16', '431', '5', '61-01'),
(34, '5136I0028-6', '594', '4', '61-01'),
(35, '5136I0028-16', '201', '3', '61-01'),
(36, '5136I0028-16', '607', '2', '61-01'),
(37, '5136I0028-16', '612', '1', '61-01'),
(38, '5136I0028-16', '431', '6', '61-01'),
(39, '5136I0030-2', '49', '52', '63-01'),
(40, '5136I0030-2', '690', '1', '63-01'),
(41, '5136I0030-2', '30', '8', '63-01'),
(42, '5136I0030-2', '690', '11', '63-01'),
(43, '5136I0030-2', '25', '12', '63-01'),
(44, '5136I0030-2', '38', '5', '63-01'),
(45, '5136I0030-2', '37', '6', '63-01'),
(46, '5136I0030-2', '36', '46', '63-01'),
(47, '5136I0030-2', '58', '9', '63-01'),
(48, '5136I0030-2', '33', '14', '63-01'),
(49, '5136I0030-2', '58', '-', '63-01'),
(50, '5136I0030-2', '58', '-', '63-01'),
(51, '5136I0030-2', '57', '7', '63-01'),
(52, '5136I0030-2', '57', '-', '63-01'),
(53, '5136I0030-2', '33', '-', '63-01'),
(54, '5136I0030-2', '466', '13', '63-01'),
(55, '5136I0030-2', '53', '4', '63-01'),
(56, '5136I0030-2', '22', '-', '63-01'),
(57, '5136I0030-2', '438', '10', '63-01'),
(58, '5136I0030-2', '50', '-', '63-01'),
(59, '5136I0030-2', '1107', '-', '63-01'),
(60, '5136I0030-2', '1049', '-', '63-01'),
(61, '5136I0030-2', '1049', '-', '63-01'),
(62, '5136I0030-2', '38', '2', '63-01'),
(63, '5136I0030-4', '221', '48', '65-01'),
(64, '5136I0030-4', '217', '49', '65-01'),
(65, '5136I0030-4', '216', '50', '65-01'),
(66, '5136I0030-4', '248', '47', '65-01'),
(67, '5136I0030-4', '256', '45', '65-01'),
(68, '5136I0030-4', '1044', '46', '65-01'),
(69, '5136I0030-4', '1046', '44', '65-01'),
(70, '5136I0030-4', '1045', '43', '65-01'),
(71, '5136I0030-4', '235', '40', '65-01'),
(72, '5136I0030-4', '876', '39', '65-01'),
(73, '5136I0030-4', '1045', '38', '65-01'),
(74, '5136I0030-4', '228', '37', '65-01'),
(75, '5136I0030-4', '342', '35', '65-01'),
(76, '5136I0030-4', '1041', '36', '65-01'),
(77, '5136I0030-4', '273', '34', '65-01'),
(78, '5136I0030-4', '289', '33', '65-01'),
(79, '5136I0030-4', '254', '28', '65-01'),
(80, '5136I0030-4', '358', '27', '65-01'),
(81, '5136I0030-4', '206', '26', '65-01'),
(82, '5136I0030-4', '260', '25', '65-01'),
(83, '5136I0030-4', '235', '24', '65-01'),
(84, '5136I0030-4', '222', '23', '65-01'),
(85, '5136I0030-4', '253', '22', '65-01'),
(86, '5136I0030-4', '167', '19', '65-01'),
(87, '5136I0030-4', '166', '18', '65-01'),
(88, '5136I0030-4', '218', '17', '65-01'),
(89, '5136I0030-4', '207', '16', '65-01'),
(90, '5136I0030-4', '276', '15', '65-01'),
(91, '5136I0030-4', '220', '13', '65-01'),
(92, '5136I0030-4', '358', '9', '65-01'),
(93, '5136I0030-4', '1043', '10', '65-01'),
(94, '5136I0030-4', '869', '12', '65-01'),
(95, '5136I0030-4', '250', '5', '65-01'),
(96, '5136I0030-4', '359', '21', '65-01'),
(97, '5136I0030-4', '1039', '31', '65-01'),
(98, '5136I0030-4', '357', '30', '65-01'),
(99, '5136I0030-4', '227', '6', '65-01'),
(100, '5136I0030-4', '243', '2', '65-01'),
(101, '5136I0030-4', '167', '3', '65-01'),
(102, '5136I0030-4', '290', '1', '65-01'),
(103, '5136I0030-4', '1054', '6', '65-01'),
(104, '5136I0030-4', '1517', '-', '65-01'),
(105, '5136I0030-4', '1055', '-', '65-01'),
(106, '5136I0030-4', '353', '11', '65-01'),
(107, '5136I0030-4', '202', '51', '65-01'),
(108, '5136I0030-4', '1051', '-', '65-02'),
(109, '5136I0030-4', '238', '-', '65-02'),
(110, '5136I0030-4', '187', '56', '65-02'),
(111, '5136I0030-4', '213', '32', '65-02'),
(112, '5136I0030-4', '310', '-', '65-02'),
(113, '5136I0030-4', '309', '-', '65-02'),
(114, '5136I0030-4', '295', '-', '65-02'),
(115, '5136I0030-4', '307', '69', '65-02'),
(116, '5136I0030-4', '180', '-', '65-02'),
(117, '5136I0030-4', '179', '-', '65-02'),
(118, '5136I0030-4', '188', '59', '65-02'),
(119, '5136I0030-4', '357', '65', '65-02'),
(120, '5136I0030-4', '178', '-', '65-02'),
(121, '5136I0030-4', '225', '52', '65-02'),
(122, '5136I0030-4', '225', '4', '65-02'),
(123, '5136I0030-4', '252', '20', '65-02'),
(124, '5136I0030-4', '201', '53', '65-02'),
(125, '5136I0030-4', '358', '-', '65-02'),
(126, '5136I0030-4', '202', '8', '65-02'),
(127, '5136I0030-4', '255', '-', '65-02'),
(128, '5136I0030-4', '259', '-', '65-02'),
(129, '5136I0030-4', '256', '-', '65-02'),
(130, '5136I0030-4', '201', '54', '65-02'),
(131, '5136I0030-4', '183', '55', '65-02'),
(132, '5136I0030-4', '183', '57', '65-02'),
(133, '5136I0030-4', '168', '58', '65-02'),
(134, '5136I0030-4', '1075', '60', '65-02'),
(135, '5136I0030-4', '213', '62', '65-02'),
(136, '5136I0030-4', '1059', '63', '65-02'),
(137, '5136I0030-4', '1058', '64', '65-02'),
(138, '5136I0030-4', '168', '68', '65-02'),
(139, '5136I0030-4', '255', '72', '65-02'),
(140, '5136I0030-4', '1057', '67', '65-02'),
(141, '5136I0030-4', '308', '70', '65-02'),
(142, '5136I0030-4', '310', '7', '65-02'),
(143, '5136I0030-4', '1355', '-', '65-02'),
(144, '5136I0030-4', '380', '29', '65-02'),
(145, '5136I0030-12', '609', '2', '73-01'),
(146, '5136I0030-12', '1048', '-', '73-01'),
(147, '5136I0030-12', '1044', '-', '73-01'),
(148, '5136I0030-12', '609', '4', '73-01'),
(149, '5136I0030-12', '1044', '-', '73-01'),
(150, '5136I0030-12', '1045', '-', '73-01'),
(151, '5136I0030-12', '476', '1', '73-01'),
(152, '5136I0030-12', '1050', '3', '73-01'),
(153, '5136I0030-12', '604', '5', '73-01'),
(154, '5136I0030-12', '649', '3', '73-01'),
(155, '5136I0030-14', '965', '33', '75-01'),
(156, '5136I0030-14', '1056', '-', '75-01'),
(157, '5136I0030-14', '967', '36', '75-01'),
(158, '5136I0030-14', '632', '-', '75-01'),
(159, '5136I0030-14', '1041', '-', '75-01'),
(160, '5136I0030-14', '1041', '8', '75-01'),
(161, '5136I0030-14', '916', '6', '75-01'),
(162, '5136I0030-14', '915', '11', '75-01'),
(163, '5136I0030-14', '641', '4', '75-01'),
(164, '5136I0030-12', '922', '41', '75-01'),
(165, '5136I0030-14', '639', '2', '75-01'),
(166, '5136I0030-14', '649', '3', '75-01'),
(167, '5136I0030-14', '654', '5', '75-01'),
(168, '5136I0030-14', '639', '7', '75-01'),
(169, '5136I0030-14', '659', '9', '75-01'),
(170, '5136I0030-14', '657', '14', '75-01'),
(171, '5136I0030-14', '658', '15', '75-01'),
(172, '5136I0030-14', '658', '16', '75-01'),
(173, '5136I0030-14', '652', '17', '75-01'),
(174, '5136I0030-14', '653', '19', '75-01'),
(175, '5136I0030-14', '636', '20', '75-01'),
(176, '5136I0030-14', '7', '21', '75-01'),
(177, '5136I0030-14', '639', '22', '75-01'),
(178, '5136I0030-14', '638', '23', '75-01'),
(179, '5136I0030-14', '1009', '24', '75-01'),
(180, '5136I0030-14', '636', '26', '75-01'),
(181, '5136I0030-14', '922', '28', '75-01'),
(182, '5136I0030-14', '49', '29', '75-01'),
(183, '5136I0030-14', '642', '31', '75-01'),
(184, '5136I0030-14', '1053', '32', '75-01'),
(185, '5136I0030-14', '49', '34', '75-01'),
(186, '5136I0030-14', '644', '35', '75-01'),
(187, '5136I0030-14', '651', '40', '75-01'),
(188, '5136I0030-14', '638', '13', '75-01'),
(189, '5136I0030-14', '634', '-', '75-01'),
(190, '5136I0030-14', '633', '27', '75-01'),
(191, '5136I0030-14', '1009', '38', '75-01'),
(192, '5136I0030-14', '1053', '-', '75-01'),
(193, '5136I0030-14', '641', '37', '75-01'),
(194, '5136I0032-2', '19', '1', '79-01'),
(195, '5136I0032-2', '15', '2', '79-01'),
(196, '5136I0032-2', '1697', '4', '79-01'),
(197, '5136I0032-2', '1280', '5', '79-01'),
(198, '5136I0032-2', '1695', '6', '79-01'),
(199, '5136I0032-2', '1690', '8', '79-01'),
(200, '5136I0032-2', '1710', '9', '79-01'),
(201, '5136I0032-2', '1696', '10', '79-01'),
(202, '5136I0032-2', '1673', '12', '79-01'),
(203, '5136I0032-2', '1673', '13', '79-01'),
(204, '5136I0032-2', '1671', '16', '79-01'),
(205, '5136I0032-2', '1899', '-', '79-01'),
(206, '5136I0032-2', '1781', '25', '79-01'),
(207, '5136I0032-2', '1284', '27', '79-01'),
(208, '5136I0032-2', '1694', '18', '79-01'),
(209, '5136I0032-2', '1694', '23', '79-01'),
(210, '5136I0032-2', '1694', '14', '79-01'),
(211, '5136I0032-2', '1284', '26', '79-01'),
(212, '5136I0032-2', '32', '-', '79-01'),
(213, '5136I0032-2', '1683', '34', '79-01'),
(214, '5136I0032-2', '13', '12', '79-01'),
(215, '5136I0032-2', '21', '11', '79-01'),
(216, '5136I0032-2', '39', '33', '79-01'),
(217, '5136I0032-2', '1670', '19', '79-01'),
(218, '5136I0032-2', '233', '7', '79-01'),
(219, '5136I0032-2', '1367', '15', '79-01'),
(220, '5136I0032-2', '681', '-', '79-01'),
(221, '5136I0032-2', '937', '-', '79-01'),
(222, '5136I0032-2', '1908', '-', '79-01'),
(223, '5136I0032-2', '1916', '-', '79-01'),
(224, '5136I0032-2', '1708', '-', '79-01'),
(225, '5136I0032-2', '1772', '-', '79-01'),
(226, '5136I0032-2', '1697', '24', '79-01'),
(227, '5136I0032-2', '1675', '28', '79-01'),
(228, '5136I0032-2', '9', '29', '79-01'),
(229, '5136I0032-2', '18', '30', '79-01'),
(230, '5136I0032-2', '1679', '32', '79-01'),
(231, '5136I0032-2', '1673', '-', '79-01'),
(232, '5136I0032-2', '1776', '-', '79-01'),
(233, '5136I0032-2', '233', '-', '79-01'),
(234, '5136I0032-2', '15', '-', '79-01'),
(235, '5136I0032-2', '1690', '9', '79-01'),
(236, '5136I0032-2', '15', '32', '79-01'),
(237, '5136I0032-2', '14', '3', '79-01'),
(238, '5136I0032-2', '1709', '-', '79-01'),
(239, '5136I0032-2', '1105', '-', '79-01'),
(240, '5136I0032-2', '9', '27', '79-01'),
(241, '5136I0032-2', '13', '20', '79-01'),
(242, '5136I0032-2', '8', '21', '79-01'),
(243, '5136I0032-2', '8', '22', '79-01'),
(244, '5136I0440-13', '211', '-', '471-01'),
(245, '5136I0440-13', '203', '6', '471-01'),
(246, '5136I0440-13', '172', '10', '471-01'),
(247, '5136I0440-13', '174', '9', '471-01'),
(248, '5136I0440-13', '174', '9', '471-01'),
(249, '5136I0440-13', '394', '3', '471-01'),
(250, '5136I0440-13', '182', '-', '471-01'),
(251, '5136I0440-13', '183', '2', '471-01'),
(252, '5136I0440-13', '182', '4', '471-01'),
(253, '5136I0440-13', '186', '7', '471-01'),
(254, '5136I0440-13', '185', '5', '471-01'),
(255, '5136I0440-13', '176', '-', '471-01'),
(256, '5136I0440-13', '174', '-', '471-01'),
(257, '5136I0440-13', '175', '-', '471-01'),
(258, '5136I0440-15', '251', '3', '473-01'),
(259, '5136I0440-15', '250', '4', '473-01'),
(260, '5136I0440-15', '249', '5', '473-01'),
(261, '5136I0440-15', '352', '6', '473-01'),
(262, '5136I0440-15', '381', '8', '473-01'),
(263, '5136I0440-15', '343', '12', '473-01'),
(264, '5136I0440-15', '249', '17', '473-01'),
(265, '5136I0440-15', '248', '19', '473-01'),
(266, '5136I0440-15', '252', '20', '473-01'),
(267, '5136I0440-15', '333', '21', '473-01'),
(268, '5136I0440-15', '252', '22', '473-01'),
(269, '5136I0440-15', '258', '24', '473-01'),
(270, '5136I0440-15', '243', '26', '473-01'),
(271, '5136I0440-15', '413', '27', '473-01'),
(272, '5136I0440-15', '252', '-', '473-01'),
(273, '5136I0440-15', '482', '-', '473-01'),
(274, '5136I0440-15', '251', '-', '473-01'),
(275, '5136I0440-15', '248', '28', '473-01'),
(276, '5136I0440-15', '243', '25', '473-01'),
(277, '5136I0440-15', '385', '13', '473-01'),
(278, '5136I0440-15', '242', '2', '473-01'),
(279, '5136I0440-15', '330', '23', '473-01'),
(280, '5136I0440-15', '333', '9', '473-01'),
(281, '5136I0440-15', '254', '-', '473-01'),
(282, '5136I0440-15', '359', '10', '473-01'),
(283, '5136I0440-15', '253', '11', '473-01'),
(284, '5136I0440-15', '258', '14', '473-01'),
(285, '5136I0440-15', '363', '1', '473-01'),
(286, '5136I0440-15', '359', '-', '473-01'),
(287, '5136I0440-15', '418', '-', '473-01'),
(288, '5136I0440-15', '420', '7', '473-01'),
(289, '5136I0440-15', '400', '10', '473-01'),
(290, '5136I0440-15', '295', '16', '473-01'),
(291, '5136I0440-15', '365', '15', '473-01'),
(292, '5136I0624-3', '14', '-', '481-01'),
(293, '5136I0624-3', '14', '3', '481-01'),
(294, '5136I0624-3', '14', '1', '481-01'),
(295, '5136I0624-3', '14', '2', '481-01'),
(296, '5136I0624-1', '6', '2', '479-01'),
(297, '5136I0624-1', '59', '-', '479-01'),
(298, '5136I0624-1', '58', '-', '479-01'),
(299, '5136I0624-1', '58', '1', '479-01'),
(300, '5136I0630-1', '11', '-', '521-01'),
(301, '5136I0630-1', '11', '-', '521-01'),
(302, '5136I0630-1', '5', '-', '521-01'),
(303, '5136I0630-1', '6', '-', '521-01'),
(304, '5136I0630-1', '10', '-', '521-01'),
(305, '5136I0630-1', '2', '-', '521-01'),
(306, '5136I0630-1', '3', '-', '521-01'),
(307, '5136I0630-1', '1', '-', '521-01'),
(308, '5136I0630-1', '5', '-', '521-01'),
(309, '5136I0630-1', '5', '-', '521-01'),
(310, '5136I0630-1', '4', '-', '521-01'),
(311, '5136I0630-9', '33', '44', '525-01'),
(312, '5136I0630-9', '30', '-', '525-01'),
(313, '5136I0630-9', '64', '46', '525-01'),
(314, '5136I0630-9', '68', '-', '525-01'),
(315, '5136I0630-9', '85', '-', '525-01'),
(316, '5136I0630-9', '34', '-', '525-01'),
(317, '5136I0630-9', '68', '45', '525-01'),
(318, '5136I0630-9', '33', '-', '525-01'),
(319, '5136I0630-9', '34', '-', '525-01'),
(320, '5136I0630-9', '35', '-', '525-01'),
(321, '5136I0630-9', '65', '-', '525-01'),
(322, '5136I0630-9', '59', '-', '525-01'),
(323, '5136I0630-9', '32', '-', '525-01'),
(324, '5136I0630-9', '71', '-', '525-01'),
(325, '5136I0630-9', '31', '-', '525-01'),
(326, '5136I0630-9', '11', '-', '525-01'),
(327, '5136I9630-2', '109', '1', '757-01'),
(328, '5136I9630-2', '1835', '2', '757-01'),
(329, '5136I9630-2', '3239', '3', '757-01'),
(330, '5136I9630-2', '105', '4', '757-01'),
(331, '5136I9630-2', '91', '5', '757-01'),
(332, '5136I9630-2', '90', '6', '757-01'),
(333, '5136I9630-2', '1836', '7', '757-01'),
(334, '5136I9630-2', '89', '8', '757-01'),
(335, '5136I9630-2', '101', '9', '757-01'),
(336, '5136I9630-2', '100', '10', '757-01'),
(337, '5136I9630-2', '1826', '11', '757-01'),
(338, '5136I9630-2', '3346', '12', '757-01'),
(339, '5136I9630-2', '2610', '13', '757-01'),
(340, '5136I9630-2', '3235', '14', '757-01'),
(341, '5136I9630-2', '1835', '15', '757-01'),
(342, '5136I9630-2', '49', '16', '757-01'),
(343, '5136I9630-2', '103', '18', '757-01'),
(344, '5136I9630-2', '72', '19', '757-01'),
(345, '5136I9630-2', '78', '20', '757-01'),
(346, '5136I9630-2', '3413', '21', '757-01'),
(347, '5136I9630-2', '3381', '22', '757-01'),
(348, '5136I9630-2', '2988', '24', '757-01'),
(349, '5136I9630-2', '333', '25', '757-01'),
(350, '5136I9630-2', '92', '26', '757-01'),
(351, '5136I9630-2', '3243', '27', '757-01'),
(352, '5136I9630-2', '3132', '28', '757-01'),
(353, '5136I9630-2', '108', '29', '757-01'),
(354, '5136I9630-2', '110', '30', '757-01'),
(355, '5136I9630-2', '96', '31', '757-01'),
(356, '5136I9630-2', '2655', '36', '757-01'),
(357, '5136I9630-2', '2654', '37', '757-01'),
(358, '5136I9630-2', '1838', '38', '757-01'),
(359, '5136I9630-2', '2673', '144', '757-01'),
(360, '5136I9630-2', '2673', '35', '757-01'),
(361, '5136I9630-2', '64', '135', '757-01'),
(362, '5136I9630-2', '95', '134', '757-01'),
(363, '5136I9630-2', '76', '17', '757-01'),
(364, '5136I9630-2', '95', '-', '757-01'),
(365, '5136I9630-2', '3512', '143', '757-01'),
(366, '5136I9630-2', '77', '139', '757-01'),
(367, '5136I9630-2', '67', '23', '757-01'),
(368, '5136I9630-2', '65', '32', '757-01'),
(369, '5136I9630-2', '66', '33', '757-01'),
(370, '5136I9630-2', '61', '34', '757-01'),
(371, '5136I9630-4', '2582', '41', '759-01'),
(372, '5136I9630-4', '3307', '1', '759-01'),
(373, '5136I9630-4', '3301', '2', '759-01'),
(374, '5136I9630-4', '2884', '3', '759-01'),
(375, '5136I9630-4', '157', '5', '759-01'),
(376, '5136I9630-4', '2604', '6', '759-01'),
(377, '5136I9630-4', '210', '8', '759-01'),
(378, '5136I9630-4', '157', '14', '759-01'),
(379, '5136I9630-4', '2602', '15', '759-01'),
(380, '5136I9630-4', '2603', '16', '759-01'),
(381, '5136I9630-4', '142', '19', '759-01'),
(382, '5136I9630-4', '2883', '21', '759-01'),
(383, '5136I9630-4', '3304', '22', '759-01'),
(384, '5136I9630-4', '3306', '23', '759-01'),
(385, '5136I9630-4', '3305', '24', '759-01'),
(386, '5136I9630-4', '157', '26', '759-01'),
(387, '5136I9630-4', '3308', '27', '759-01'),
(388, '5136I9630-4', '186', '30', '759-01'),
(389, '5136I9630-4', '2591', '31', '759-01'),
(390, '5136I9630-4', '212', '34', '759-01'),
(391, '5136I9630-4', '202', '36', '759-01'),
(392, '5136I9630-4', '140', '39', '759-01'),
(393, '5136I9630-4', '233', '83', '759-01'),
(394, '5136I9630-4', '176', '81', '759-01'),
(395, '5136I9630-4', '1810', '75', '759-01'),
(396, '5136I9630-4', '211', '4', '759-01'),
(397, '5136I9630-4', '137', '10', '759-01'),
(398, '5136I9630-4', '196', '28', '759-01'),
(399, '5136I9630-4', '3329', '78', '759-01'),
(400, '5136I9630-4', '218', '29', '759-01'),
(401, '5136I9630-4', '215', '7', '759-01'),
(402, '5136I9630-4', '154', '77', '759-01'),
(403, '5136I9630-4', '155', '76', '759-01'),
(404, '5136I9630-4', '135', '25', '759-01'),
(405, '5136I9630-4', '195', '79', '759-01'),
(406, '5136I9630-4', '2605', '20', '759-01'),
(407, '5136I9630-4', '164', '12', '759-01'),
(408, '5136I9630-4', '2636', '11', '759-01'),
(409, '5136I9630-4', '2635', '13', '759-01'),
(410, '5136I9630-4', '3386', '82', '759-01'),
(411, '5136I9630-4', '175', '17', '759-01'),
(412, '5136I9630-4', '173', '-', '759-01'),
(413, '5136I9630-4', '151', '32', '759-01'),
(414, '5136I9630-4', '120', '37', '759-01'),
(415, '5136I9630-4', '249', '38', '759-01'),
(416, '5136I9630-4', '198', '33', '759-01'),
(417, '5136I9630-4', '2593', '40', '759-01'),
(418, '5136I9630-4', '239', '74', '759-01'),
(419, '5136I9630-4', '224', '35', '759-01'),
(420, '5136I9630-4', '239', '86', '759-01'),
(421, '5136I5136I9634-2', '517', '-', '789-01'),
(422, '5136I5136I9634-2', '517', '-', '789-01'),
(423, '5136I5136I9634-2', '515', '-', '789-01'),
(424, '5136I5136I9634-2', '516', '-', '789-01'),
(425, '5136I5136I9634-2', '495', '-', '789-01'),
(426, '5136I5136I9634-2', '413', '-', '789-01'),
(427, '5136I5136I9634-2', '511', '-', '789-01'),
(428, '5136I5136I9634-3', '436', '-', '790-01'),
(429, '5136I5136I9634-3', '411', '-', '790-01'),
(430, '5136I5136I9634-3', '418', '-', '790-01'),
(431, '5136I5136I9634-3', '443', '-', '790-01');

-- --------------------------------------------------------

--
-- Table structure for table `member`
--

CREATE TABLE `member` (
  `member_id` int(11) NOT NULL,
  `member_name_lastname` varchar(30) COLLATE utf8mb4_unicode_ci NOT NULL,
  `username` varchar(20) COLLATE utf8mb4_unicode_ci NOT NULL,
  `password` varchar(20) COLLATE utf8mb4_unicode_ci NOT NULL,
  `member_level` varchar(30) COLLATE utf8mb4_unicode_ci NOT NULL,
  `status` varchar(20) COLLATE utf8mb4_unicode_ci NOT NULL
) ENGINE=InnoDB DEFAULT CHARSET=utf8mb4 COLLATE=utf8mb4_unicode_ci;

--
-- Dumping data for table `member`
--

INSERT INTO `member` (`member_id`, `member_name_lastname`, `username`, `password`, `member_level`, `status`) VALUES
(15, 'นายธวัชชัย มนมิตร', '', '', 'นายช่างรังวัดชำนาญงาน', ''),
(16, 'นายชิษณุพงศ์ ศะศิวณิชย์', '', '', 'นายช่างรังวัดชำนาญงาน', ''),
(17, 'นางเมตต์พิตตา ฤทธิศิลป์', '', '', 'นายช่างรังวัดชำนาญงาน', ''),
(18, 'นายสมพงษ์ ศรีหะทัย', '', '', 'นายช่างรังวัดชำนาญงาน', ''),
(19, 'นายภูษิญ มณีโชติ', '', '', 'นายช่างรังวัดชำนาญงาน', ''),
(20, 'นายนัทธี อิ่มสอาด', '', '', 'นายช่างรังวัดปฎิบัติงาน', ''),
(21, 'นายคฑาหัส สมหวัง', '', '', 'นายช่างรังวัดชำนาญงาน', ''),
(22, 'นายศิวาวุธ กลิ่นหอม', '', '', 'นายช่างรังวัดปฎิบัติงาน', ''),
(29, 'นายศราวุธ ใจหลัก', 'win', '1234', 'นายช่างรังวัดชำนาญการ', 'admin');

-- --------------------------------------------------------

--
-- Table structure for table `orders`
--

CREATE TABLE `orders` (
  `order_id` int(11) NOT NULL,
  `order_date` date NOT NULL DEFAULT current_timestamp(),
  `order_name` varchar(255) NOT NULL,
  `order_idcard` varchar(255) NOT NULL
) ENGINE=InnoDB DEFAULT CHARSET=utf8;

--
-- Dumping data for table `orders`
--

INSERT INTO `orders` (`order_id`, `order_date`, `order_name`, `order_idcard`) VALUES
(113, '2021-02-03', 'นายธวัชชัย มนมิตร', '1710100148177'),
(114, '2021-02-08', 'นายธวัชชัย มนมิตร', '1710100148177'),
(115, '2021-02-22', 'นายธวัชชัย มนมิตร', '1710100148177'),
(116, '2021-02-23', 'นายธวัชชัย มนมิตร', '1710100148177'),
(117, '2021-02-23', 'นายธวัชชัย มนมิตร', '1710100148176'),
(118, '2021-02-23', 'นายธวัชชัย มนมิตร', '1710100148176'),
(119, '2021-02-23', 'นายธวัชชัย มนมิตร', '1710100148176'),
(120, '2021-02-23', 'นายธวัชชัย มนมิตร', '1710100148176'),
(121, '2021-02-23', 'นายธวัชชัย มนมิตร', '1710100148176'),
(122, '2021-02-08', 'นายธวัชชัย มนมิตร', '1710100148176'),
(123, '2021-02-23', 'นายธวัชชัย มนมิตร', 'john@doe.com'),
(124, '2021-02-05', 'นายนัทธี อิ่มสอาด', '1710100148176'),
(125, '2021-02-03', 'นายธวัชชัย มนมิตร', '1710100148177');

-- --------------------------------------------------------

--
-- Table structure for table `orders_items`
--

CREATE TABLE `orders_items` (
  `order_id` int(11) NOT NULL,
  `lands_id` int(11) NOT NULL,
  `quantity` int(11) NOT NULL
) ENGINE=InnoDB DEFAULT CHARSET=utf8;

--
-- Dumping data for table `orders_items`
--

INSERT INTO `orders_items` (`order_id`, `lands_id`, `quantity`) VALUES
(124, 39, 1),
(124, 40, 1),
(125, 1, 1),
(125, 2, 1),
(125, 3, 1);

--
-- Indexes for dumped tables
--

--
-- Indexes for table `borrow`
--
ALTER TABLE `borrow`
  ADD PRIMARY KEY (`borrow_id`);

--
-- Indexes for table `land`
--
ALTER TABLE `land`
  ADD PRIMARY KEY (`id`);

--
-- Indexes for table `member`
--
ALTER TABLE `member`
  ADD PRIMARY KEY (`member_id`);

--
-- Indexes for table `orders`
--
ALTER TABLE `orders`
  ADD PRIMARY KEY (`order_id`),
  ADD KEY `name` (`order_name`),
  ADD KEY `email` (`order_idcard`),
  ADD KEY `order_date` (`order_date`);

--
-- Indexes for table `orders_items`
--
ALTER TABLE `orders_items`
  ADD PRIMARY KEY (`order_id`,`lands_id`);

--
-- AUTO_INCREMENT for dumped tables
--

--
-- AUTO_INCREMENT for table `borrow`
--
ALTER TABLE `borrow`
  MODIFY `borrow_id` int(11) NOT NULL AUTO_INCREMENT;

--
-- AUTO_INCREMENT for table `land`
--
ALTER TABLE `land`
  MODIFY `id` int(11) NOT NULL AUTO_INCREMENT, AUTO_INCREMENT=432;

--
-- AUTO_INCREMENT for table `member`
--
ALTER TABLE `member`
  MODIFY `member_id` int(11) NOT NULL AUTO_INCREMENT, AUTO_INCREMENT=52;

--
-- AUTO_INCREMENT for table `orders`
--
ALTER TABLE `orders`
  MODIFY `order_id` int(11) NOT NULL AUTO_INCREMENT, AUTO_INCREMENT=126;
COMMIT;

/*!40101 SET CHARACTER_SET_CLIENT=@OLD_CHARACTER_SET_CLIENT */;
/*!40101 SET CHARACTER_SET_RESULTS=@OLD_CHARACTER_SET_RESULTS */;
/*!40101 SET COLLATION_CONNECTION=@OLD_COLLATION_CONNECTION */;
